{
	"home-ru": "Главная",
	"home-eng": "Home",
	"about-ru": "Обо мне",
	"about-eng": "About me",
	"skills-ru": "Знания",
	"skills-eng": "Skills",
	"portfolio-ru": "Мои работы",
	"portfolio-eng": "Portfolio",
	"contacts-ru": "Контакты",
	"contacts-eng": "Contacts",

	"author-ru": "Шестаков<br/>Роман",
	"author-eng": "Shestakov<br/>Roman",
	"author-text-ru": "Web-разработчик<br/>40 лет, Россия",
	"author-text-eng": "WEB-Developer<br/>40 years old, RUSSIA",

	"about-text-ru": "Привет, меня зовут Роман – я работаю под ником Itshnic72.<br/>Я профессионально занимаюсь Web-разработкой. <br/>Познакомьтесь с выполненными проектами в разделе - Мои работы!",
	"about-text-eng": "Hi, I'm Roman – I work under the nickname Itshnic72.<br/>I am professionally engaged in Web development. <br/>Get acquainted with my works in the portfolio!",
	"about-textTwo-ru": "Мои цели в жизни - это обучение и развитие для создания высококачественных проектов.",
	"about-textTwo-eng": "My goals in life are training and development to create high-quality projects.",
	"about-textThree-ru": "Мои принципы - максимальное качество, минимум времени.",
	"about-textThree-eng": "My principles are maximum quality, minimum time.",
	"about-textFour-ru": "Я готов реализовывать отличные проекты с замечательными людьми).<br/> Интересно работать с необычными проектами - интересны, творчество и инновации.",
	"about-textFour-eng": "I am ready to implement great projects with wonderful people).<br/>It is interesting to work with unusual projects - creativity and innovation are interesting.",

	"skills-text-ru": "Мои знания и профессиональные инструменты",
	"skills-text-eng": "My knowledge and professional tools",

	"footer-text-ru": "Хотите узнать больше или просто поболтать?<br/>Добро пожаловать!",
	"footer-text-eng": "Want to know more or just chat?<br/>You are welcome!",
	"footer-btn-ru": "Напишите на почту",
	"footer-btn-eng": "Write to the mail",
	"footer-name-ru": "Имя*",
	"footer-name-eng": "Name*",
	"footer-mail-ru": "Почта*",
	"footer-mail-eng": "Mail*",
	"footer-phone-ru": "Телефон",
	"footer-phone-eng": "Phone",
	"footer-message-ru": "Сообщение*",
	"footer-message-eng": "Message*",
	"footer-submit-ru": "Отправить",
	"footer-submit-eng": "Submit",
	"footer-response-ru": "Письмо отправлено :-)",
	"footer-response-eng": "The email has been sent :-)",
	"footer-copyright-ru": "Itshnic72 почта - <a href='mailto:rv920490@gmail.ru'> rv920490@gmail.ru</a>",
	"footer-copyright-eng": "Itshnic72 mail - <a href='mailto:rv920490@gmail.ru'> rv920490@gmail.ru</a>",
	"portfolio-link-ru": "Перейти на сайт...",
	"portfolio-link-eng": "Go to the website...",
	"portfolio-show-ru": "Показать ещё...",
	"portfolio-show-eng": "Show more...",
	"_": "_",
	"1_New-title-ru": "Новый проект за 4 дня",
	"1_New-title-eng": "New project in 4 days",
	"1_New-text-ru": "Работаю над новым проектом!<br>Через 4 дня залью в портфолио!!!",
	"1_New-text-eng": "I'm working on a new project!<br>In 4 days I will fill in the portfolio!!!",
	"__": "_",
	"2_first-website-title-ru": "Мой первый сайт",
	"2_first-website-title-eng": "My first website",
	"2_first-website-text-ru": "Многостраничный сайт, адаптивные блоки, меню-бургер, БЭМ",
	"2_first-website-text-eng": "Multi-page website, adaptive blocks, burger menu, BEM",
	"___": "_",
	"3_Information-cards-title-ru": "Информационные карточки",
	"3_Information-cards-title-eng": "Information cards",
	"3_Information-cards-text-ru": "Страница с карточками  (аналитика информации), адаптивные блоки, БЭМ, для вывода информации использовал JS и PHP",
	"3_Information-cards-text-eng": "A page with cards (information analytics), adaptive blocks, BEM, used JS and PHP to output information",
	"____": "_",
	"4_Hitech-title-ru": "Мебель для дома",
	"4_Hitech-title-eng": "Home furniture",
	"4_Hitech-text-ru": "Лендинг для продажи мебели, адаптивные блоки, БЭМ, слайдеры с parallax эффектом, кастомный select, меню-Burger, меню-аккордеон",
	"4_Hitech-text-eng": "Landing page for furniture sales, adaptive blocks, BEM, sliders with parallax effect, custom select, Burger menu, accordion menu",
	"_____": "_",
	"5_Sign-Up-title-ru": "Форма регистрации",
	"5_Sign-Up-title-eng": "Sign Up form",
	"5_Sign-Up-text-ru": "Регистрация с проверкой вносимых данных - пульсация кнопки, адаптивные и отзывчивые блоки, БЭМ, кастомный select, отправка данных на сервер PHP, прорисовка логотипа при загрузке формы, Pixel Perfect",
	"5_Sign-Up-text-eng": "Registration with verification of input data - button pulsation, adaptive and responsive blocks, BEM, custom select, sending data to the PHP server, drawing the logo when loading the form, Pixel Perfect",
	"______": "_",
	"6_Hedgehog-title-ru": "Продажа Ёжиков)",
	"6_Hedgehog-title-eng": "Sale of Hedgehogs",
	"6_Hedgehog-text-ru": "Лендинг для продажи Ёжиков, адаптивные и отзывчивые блоки, БЭМ, слайдеры с parallax эффектом, кастомный select, меню-Burger, меню-аккордеон",
	"6_Hedgehog-text-eng": "Landing page for selling Hedgehogs, adaptive and responsive blocks, BEM, sliders with parallax effect, custom select, Burger menu, accordion menu",
	"_______": "_",
	"7_Scooter-title-ru": "Электросамокаты",
	"7_Scooter-title-eng": "Electric scooters",
	"7_Scooter-text-ru": "Лендинг для продажи элетросамокатов, адаптивные и отзывчивые блоки, БЭМ, слайдеры с parallax эффектом, кастомный select, меню-Burger, отправка заявки на почту",
	"7_Scooter-text-eng": "Landing for sale of electric scooters, adaptive and responsive blocks, BEM, sliders with parallax effect, custom select, Burger menu, sending an application to the mail",
	"________": "_"
}
