{
	"skill1": {
		"img": "img/Skills/Skills01.png",
		"title": "Photoshop",
		"stars": 3.5
	},
	"skill2": {
		"img": "img/Skills/Skills02.png",
		"title": "Figma",
		"stars": 4.0
	},
	"skill3": {
		"img": "img/Skills/Skills03.png",
		"title": "GiMP",
		"stars": 5
	},
	"skill4": {
		"img": "img/Skills/Skills04.png",
		"title": "VSCode",
		"stars": 5
	},
	"skill5": {
		"img": "img/Skills/Skills05.png",
		"title": "PHP",
		"stars": 4.5
	},
	"skill6": {
		"img": "img/Skills/Skills06.png",
		"title": "SASS",
		"stars": 5
	},
	"skill7": {
		"img": "img/Skills/Skills07.png",
		"title": "HTML",
		"stars": 5
	},
	"skill8": {
		"img": "img/Skills/Skills08.png",
		"title": "JavaScript",
		"stars": 5
	},
	"skill9": {
		"img": "img/Skills/Skills09.png",
		"title": "MySQL",
		"stars": 5
	},
	"skill10": {
		"img": "img/Skills/Skills10.png",
		"title": "Gulp",
		"stars": 5
	},
	"skill11": {
		"img": "img/Skills/Skills11.png",
		"title": "CSS",
		"stars": 5
	}
}
